product_code,name,counted_litres,ledger_at_cutoff,system_now,moved_since_cutoff,moved_on_count_day,new_balance,change,tech_cleared,sheet_said_system_had
"FRAG_0001","Armani Woods",9,4100,4000,-100,,8900,4900,0,4000
"FRAG_0002","Allure",48,37100,47110,10010,yes,58010,10900,0,37100
"FRAG_0003","Adventure",69.5,80725,74200,-6525,yes,62975,-11225,9000,77875
"FRAG_0004","Ambrette, Magnolia & Chamomile",22,23100,23100,0,,22000,-1100,0,23100
"FRAG_0005","Australian Bush Lemon Myrtle",12,11300,11300,0,,12000,700,0,11300
"FRAG_0006","Australian Bush",32.5,23300,23300,0,,32500,9200,0,26600
"FRAG_0007","Australian Bush & Eucalyptus",16,20000,20000,0,,16000,-4000,0,19000
"FRAG_0008","Amalfi Coast",0,3000,3000,0,,0,-3000,0,3000
"FRAG_0009","Australian Bamboo grass",13,13000,13000,0,,13000,0,0,13000
"FRAG_0010","Avocado & Mint",7,11000,11000,0,,7000,-4000,0,11000
"FRAG_0011","Aqua Positano",45,38250,38250,0,,45000,6750,0,16950
"FRAG_0012","Baies ",15,16900,16900,0,,15000,-1900,0,16900
"FRAG_0013","Bois Secret",33,38000,37300,-700,,32300,-5000,0,37000
"FRAG_0014","Baccarat Rouge ( Jasmin and Dark woods)",80,105200,93200,-12000,yes,68000,-25200,14000,106800
"FRAG_0015","Beach Party",115,111800,108800,-3000,,112000,3200,0,116200
"FRAG_0016","Blue Bergamot",3,11251,11251,0,,3000,-8251,0,10251
"FRAG_0017","Black Orchid",51,68400,68400,0,,51000,-17400,0,68400
"FRAG_0018","Burberry Hero",27,17000,28000,11000,,38000,10000,0,28000
"FRAG_0019","Blue Ice",37,41250,40250,-1000,,36000,-4250,0,21250
"FRAG_0020","Blonde Woods & Cashmere",44,51600,51600,0,,44000,-7600,0,49600
"FRAG_0021","Bergamot and Oakmoss (Creed)",128.5,161750,155750,-6000,yes,122500,-33250,1000,117550
"FRAG_0022","Blue Grass",48,45000,48000,3000,,51000,3000,0,48000
"FRAG_0023","Blondewood",78,79000,78000,-1000,yes,77000,-1000,0,79000
"FRAG_0024","B Natural",0,-1000,0,1000,,1000,1000,0,0
"FRAG_0025","Bushwood",86,110000,109000,-1000,,85000,-24000,0,114000
"FRAG_0026","By The Fireplace",1,2300,2300,0,,1000,-1300,0,2300
"FRAG_0027","Fig Tree ",16,16000,11300,-4700,yes,11300,0,0,16000
"FRAG_0028","Christmas B",8,6300,6900,600,,8600,1700,0,6900
"FRAG_0029","Caju & Lime",118,133300,125300,-8000,,110000,-15300,0,133850
"FRAG_0030","Concerto",121,148350,125650,-22700,yes,98300,-27350,8000,140850
"FRAG_0031","Crossfit",21.5,19000,18600,-400,,21100,2500,0,19000
"FRAG_0032","Coconut Lime Punch ",81,80100,79300,-800,,80200,900,0,79100
"FRAG_0033","Chai Tea",20,19100,20100,1000,,21000,900,0,20100
"FRAG_0034","Christmas Night Xmas Pudding",32,26300,31700,5400,,37400,5700,0,31700
"FRAG_0035","Christmas Cedar",16,16000,16000,0,,16000,0,0,16000
"FRAG_0036","Clinique Happy",13,18000,16000,-2000,yes,11000,-5000,15000,17000
"FRAG_0037","Country Linen",49,72600,72200,-400,yes,48600,-23600,7000,71600
"FRAG_0038","Coffe Airfreshener ",20,20000,20000,0,,20000,0,0,20000
"FRAG_0039","Coco Mademoiselle",20,29000,29000,0,,20000,-9000,0,21000
"FRAG_0040","Citrus Bushwood B",93,82200,82200,0,,93000,10800,0,82200
"FRAG_0041","Cologne",0,14300,14300,0,,0,-14300,0,14300
"FRAG_0042","Campfire",19.5,13000,16000,3000,,22500,6500,0,16000
"FRAG_0043","Coast",13,10000,10000,0,,13000,3000,0,10000
"FRAG_0044","Cyrnos",19.5,11000,11000,0,,19500,8500,0,11000
"FRAG_0045","Dream",250,293700,282900,-10800,yes,239200,-43700,1000,291900
"FRAG_0046","Denim",11,12700,12700,0,,11000,-1700,0,12700
"FRAG_0047","Desert Flower",84,84400,82400,-2000,yes,82000,-400,0,84400
"FRAG_0048","Eucalyptus",0,0,0,0,,0,0,0,0
"FRAG_0049","Eucalyptus Citriodora",40,37800,10300,-27500,,12500,2200,0,10300
"FRAG_0050","EVE",10,53900,34000,-19900,,-9900,-43900,0,34000
"FRAG_0051","EO Blend (Essential Oil )",9,5000,5000,0,,9000,4000,0,7100
"FRAG_0052","Elevated Lotus Blossom + Lemon",5,5000,5000,0,,5000,0,0,5000
"FRAG_0053","Elevated Tokyo (Aman Haru)",80,181800,181800,0,,80000,-101800,0,181800
"FRAG_0054","Figuier ",27,47100,27100,-20000,yes,7000,-20100,0,47100
"FRAG_0055","Fresh Coffe",9,9500,9000,-500,,8500,-500,0,9000
"FRAG_0056","Fierce Type",10,12800,10900,-1900,,8100,-2800,0,10900
"FRAG_0057","Feu de Camp",130,184100,184100,0,,130000,-54100,0,184100
"FRAG_0058","Linen & Fig",95,107950,105950,-2000,,93000,-12950,0,57500
"FRAG_0059","Flower Bomb",18,13300,13300,0,,18000,4700,0,13300
"FRAG_0060","Fig, Jasmine & Santal",19,19000,19000,0,,19000,0,0,19000
"FRAG_0061","Floral Drop ",38.5,29250,29250,0,,38500,9250,0,29250
"FRAG_0062","Green",3,1000,1000,0,,3000,2000,0,1000
"FRAG_0063","Green Tea",29,29600,29600,0,,29000,-600,0,29000
"FRAG_0064","Green Tea and Lemongrass",14,14700,14700,0,,14000,-700,0,14000
"FRAG_0065","Ginger Flower",77,98000,98000,0,,77000,-21000,0,98000
"FRAG_0066","Givenchy Gentlemen ",15,15000,15000,0,,15000,0,0,15000
"FRAG_0067","Gingerbread A",2,2000,2000,0,,2000,0,0,2000
"FRAG_0068","Gypsy Water",30,30000,30000,0,,30000,0,0,10000
"FRAG_0069","Grape Chupa Chup",85,101550,101550,0,,85000,-16550,0,99150
"FRAG_0070","Garden Symphony",1,1000,1000,0,,1000,0,0,1000
"FRAG_0071","Golden Garden",26,28100,28100,0,,26000,-2100,0,28100
"FRAG_0072","Grey Vetiver",1,3800,1800,-2000,,-1000,-2800,0,1800
"FRAG_0073","Hermes Country",17.5,20000,20000,0,,17500,-2500,0,20000
"FRAG_0074","Home Department",7,1100,7000,5900,,12900,5900,0,7000
"FRAG_0075","Isopropyl Myristate (IPM)",73,71320,71320,0,,73000,1680,0,71350
"FRAG_0076","Inspiration - NEW HOPE",18,18000,18000,0,,18000,0,0,18000
"FRAG_0077","Intense Air",85,84750,84725,-25,yes,84975,250,1000,84750
"FRAG_0078","Jardin de Carthage",166,256600,241900,-14700,yes,151300,-90600,20000,244900
"FRAG_0079","JM Jasmin & Mint",0,0,0,0,,0,0,0,0
"FRAG_0080","Japanese Honeysuckle",7,7000,7000,0,,7000,0,0,7000
"FRAG_0081","Jasmine Sambac & Marigold",9,8800,8800,0,,9000,200,0,8800
"FRAG_0082","JPG Le Beau",1,1000,1000,0,,1000,0,0,1000
"FRAG_0083","Zen Garden",0,3250,94350,91100,yes,91100,-3250,13000,1700
"FRAG_0084","Kookai Signature",80,91750,90750,-1000,,79000,-11750,0,91450
"FRAG_0085","Kiwi Coconut Vanilla",25,30500,30500,0,,25000,-5500,0,33500
"FRAG_0086","London (BLUE DRUM -Bell)",0,2600,2600,0,,0,-2600,0,2600
"FRAG_0087","La Vie Est Belle",17,16700,16700,0,,17000,300,0,16700
"FRAG_0088","Lotus Zen",29,26000,28900,2900,,31900,3000,0,28900
"FRAG_0089","Lacoste Original",21,24000,24000,0,,21000,-3000,0,23300
"FRAG_0090","Leather & Woods",30,29550,29550,0,,30000,450,0,30550
"FRAG_0091","Lemongrass and Persian Lime",14,14300,14300,0,,14000,-300,0,14300
"FRAG_0092","Light Blue",37,36800,36800,0,,37000,200,0,16800
"FRAG_0093","Lemongrass and Ginger",30,30800,29400,-1400,,28600,-800,0,32200
"FRAG_0094","Myrrh & Tonka",126,172500,261500,89000,yes,215000,-46500,14000,169000
"FRAG_0095","Mahogany Fig",60,65100,64100,-1000,,59000,-5100,0,64100
"FRAG_0096","Mahogany Wood",73,70400,69400,-1000,,72000,2600,0,69400
"FRAG_0097","Milagrito",85,128800,217100,88300,yes,173300,-43800,18000,145750
"FRAG_0098","Matiere Noire",20,20000,20000,0,,20000,0,0,20000
"FRAG_0099","Miami Strong",190,155750,152350,-3400,yes,186600,34250,0,31750
"FRAG_0100","Moonlight Patchouli",6,6000,6000,0,,6000,0,0,6000
"FRAG_0101","Miami Woods",121,92400,89400,-3000,yes,118000,28600,0,-6800
"FRAG_0102","Noel",45,34000,47000,13000,,58000,11000,0,47000
"FRAG_0103","New Hope",37,15600,31000,15400,,52400,21400,0,31000
"FRAG_0104","Native B",35.5,33300,33300,0,,35500,2200,0,34600
"FRAG_0105","Noir ",50,48400,47400,-1000,,49000,1600,0,49400
"FRAG_0106","New CBD Perth d3",30,25000,25000,0,,30000,5000,0,25000
"FRAG_0107","Orange & Bergamot",17.5,17000,17000,0,,17500,500,0,17000
"FRAG_0108","Oz Design Signature",26,25050,25050,0,,26000,950,0,25500
"FRAG_0109","Orange Grass",10,9000,9000,0,,10000,1000,0,9000
"FRAG_0110","Orchidee Narco",26,23100,23100,0,,26000,2900,0,23100
"FRAG_0111","Orange B",20,21000,21000,0,,20000,-1000,0,21000
"FRAG_0113","Oud",37,35300,35300,0,,37000,1700,0,35700
"FRAG_0114","Premiere",57,56100,56100,0,,57000,900,0,56100
"FRAG_0115","Park Hyatt Peony (Hyatt Peony)",63,62800,58800,-4000,yes,59000,200,0,63000
"FRAG_0116","Patisserie",138,146650,132650,-14000,yes,124000,-8650,0,149850
"FRAG_0117","Peppermint",11,11200,11200,0,,11000,-200,0,11200
"FRAG_0118","Pepperwood",170,197350,194650,-2700,yes,167300,-27350,27000,191350
"FRAG_0119","Porsche",6,5900,5900,0,,6000,100,0,5900
"FRAG_0120","Querces",170,202700,200900,-1800,yes,168200,-32700,20000,202700
"FRAG_0121","Rosemary & Cinnamon Blend",0,9300,3500,-5800,,-5800,-9300,0,3500
"FRAG_0122","Rosewater",4,7900,5000,-2900,,1100,-3900,0,5000
"FRAG_0123","Rainstorm",5,3600,3600,0,,5000,1400,0,4600
"FRAG_0124","Resurrection (Essential Oil)",15,4400,7500,3100,,18100,10600,0,7500
"FRAG_0125","Rose Diptyque",15,17000,17000,0,,15000,-2000,0,17000
"FRAG_0126","Review",0,11500,13000,1500,,1500,-11500,0,13000
"FRAG_0127","Rock N Roll",24,21200,21200,0,,24000,2800,0,21200
"FRAG_0128","Rottnest Island Summertime B",12,8650,7000,-1650,,10350,3350,0,7000
"FRAG_0129","Summer Vacay",14,10800,10800,0,,14000,3200,0,13800
"FRAG_0130","Saffron",18,19622,19622,0,,18000,-1622,0,20622
"FRAG_0132","Special Santal",28,1500,28000,26500,,54500,26500,0,28000
"FRAG_0133","Sea Salt",10,8000,8000,0,,10000,2000,0,8000
"FRAG_0134","Signature",32,19000,19000,0,,32000,13000,0,19000
"FRAG_0135","Sugar Cookie",12,12300,12300,0,,12000,-300,0,12300
"FRAG_0136","Sensual Woods",138,164300,159100,-5200,yes,132800,-26300,30000,153300
"FRAG_0137","Santal 33 Style A (Black)",299,351450,306550,-44900,yes,254100,-52450,10000,134450
"FRAG_0138","Santal 66 (Blue) - KIRRI",0,2000,2000,0,,0,-2000,0,1300
"FRAG_0139","Serpentine Comme Des",44,44100,44100,0,,44000,-100,0,45100
"FRAG_0140","Santal and White Tea",67,81750,81750,0,,67000,-14750,14000,50750
"FRAG_0141","Sandalwood B",132,124650,124650,0,,132000,7350,10000,131150
"FRAG_0142","Santal, Mahogany & Sandalwood",5,2000,2000,0,,5000,3000,0,2000
"FRAG_0143","Santal, Mahogany & Soft Floral",0,5500,1000,-4500,,-4500,-5500,0,1000
"FRAG_0144","Sandalwood Fig & Jasmine",3,3000,3000,0,,3000,0,0,3000
"FRAG_0145","Sandalwood & Hint of Jasmin",25,18000,19000,1000,,26000,7000,0,19000
"FRAG_0146","TF Ambitious ",5,6600,5600,-1000,,4000,-1600,0,5600
"FRAG_0147","The Rouge",9,5600,5600,0,,9000,3400,0,5600
"FRAG_0148","Teak & Neroli",6,6400,6400,0,,6000,-400,0,6400
"FRAG_0149","The Blanc",15,27000,17000,-10000,,5000,-12000,0,17000
"FRAG_0150","Tabac Noir",29,17000,29300,12300,,41300,12000,0,29300
"FRAG_0151","Tropical Cruise",20,16000,26000,10000,,30000,4000,0,26000
"FRAG_0152","Tea Time",8,5800,8000,2200,,10200,2200,0,8000
"FRAG_0153","The Star Azure",2,1000,1000,0,,2000,1000,0,1000
"FRAG_0154","Tuberose Vanille",20,19000,19000,0,,20000,1000,0,19000
"FRAG_0155","The Star Lobby",10,10000,10000,0,,10000,0,0,10000
"FRAG_0156","Terre",30,24130,24130,0,,30000,5870,0,25200
"FRAG_0157","Ultimate Leather",7,3100,5000,1900,,8900,3900,0,5000
"FRAG_0158","Vetiver, Water Lily + Sandalwood",37,49000,17000,-32000,,5000,-12000,0,17000
"FRAG_0159","Vetiver D'Hiver",15,17850,17850,0,,15000,-2850,0,20850
"FRAG_0160","French Vanilla (Vanilla Bourbon)",40,26200,26200,0,,40000,13800,0,26200
"FRAG_0161","White Tea",140,185850,180850,-5000,yes,135000,-45850,17000,183950
"FRAG_0162","White Tea & Ginger Flowers",94,97885,93885,-4000,yes,90000,-3885,6000,94285
"FRAG_0163","Wild Lily & Spring Moss",10,14200,14200,0,,10000,-4200,0,17200
"FRAG_0164","W Hotel",31,31700,31700,0,,31000,-700,0,31700
"FRAG_0165","Waterplants",10,15200,15200,0,,10000,-5200,0,15200
"FRAG_0166","Waterfall",107,106700,206700,100000,yes,207000,300,0,107700
"FRAG_0167","Whiskey Bar",8,10650,10650,0,,8000,-2650,0,9050
"FRAG_0168","White Tea & Bamboo",60,45400,45400,0,,60000,14600,0,45400
"FRAG_0169","Wonderwood",10,10000,10000,0,,10000,0,0,10000
"FRAG_0170","ZWT",27,27000,27000,0,,27000,0,0,27000