line,sheet_name,match,product_code,db_name,db_unit,sheet_says_system_has,db_actually_has,counted_as_written,supplier_code
001,"Armani Woods","supplier code","FRAG_0001","Armani Woods","mL",4000,4000,9,"FIA231902"
002,"Allure","supplier code","FRAG_0002","Allure","mL",37100,47110,48,"SLC2600"
003,"Adventure","supplier code","FRAG_0003","Adventure","mL",77875,74200,69.5,"LUX1100"
004,"Ambrette, Magnolia & Chamomile","supplier code","FRAG_0004","Ambrette, Magnolia & Chamomile","mL",23100,23100,22,"SLC0803"
005,"Australian Bush Lemon Myrtle","supplier code","FRAG_0005","Australian Bush Lemon Myrtle","mL",11300,11300,12,"LUX1220"
006,"Australian Bush","name","FRAG_0006","Australian Bush","mL",26600,23300,32.5,"-"
007,"Australian Bush & Eucalyptus","supplier code","FRAG_0007","Australian Bush & Eucalyptus","mL",19000,20000,16,"FIA242846"
008,"Amalfi Coast","name","FRAG_0008","Amalfi Coast","mL",3000,3000,0,"-"
009,"Australian Bamboo grass","supplier code","FRAG_0009","Australian Bamboo grass","mL",13000,13000,13,"Lux0400"
010,"Avocado & Mint","supplier code","FRAG_0010","Avocado & Mint","mL",11000,11000,7,"LUX0783"
011,"Aqua Positano","supplier code","FRAG_0011","Aqua Positano","mL",16950,38250,45,"FIA241035"
012,"Baies","supplier code","FRAG_0012","Baies ","mL",16900,16900,15,"FIA213481"
013,"Bois Secret","supplier code","FRAG_0013","Bois Secret","mL",37000,38000,33,"LUX0929"
014,"Baccarat Rouge ( Jasmin and Dark woods)","supplier code","FRAG_0014","Baccarat Rouge ( Jasmin and Dark woods)","mL",106800,93200,80,"SLC0778"
015,"Beach Party","supplier code","FRAG_0015","Beach Party","mL",116200,108800,115,"LUX1189"
016,"Blue Bergamot","supplier code","FRAG_0016","Blue Bergamot","mL",10251,11251,3,"6133475"
017,"Black Orchid","supplier code","FRAG_0017","Black Orchid","mL",68400,68400,51,"FIA223423"
018,"Burberry Hero","supplier code","FRAG_0018","Burberry Hero","mL",28000,28000,27,"SLC2431"
019,"Blue Ice","supplier code","FRAG_0019","Blue Ice","mL",21250,40250,37,"FIA221772"
020,"Blonde Woods & Cashmere","supplier code","FRAG_0020","Blonde Woods & Cashmere","mL",49600,51600,44,"AA171829"
021,"Bergamot and Oakmoss (Creed)","supplier code","FRAG_0021","Bergamot and Oakmoss (Creed)","mL",117550,155750,128.5,"FIA213666"
022,"Blue Grass","supplier code","FRAG_0022","Blue Grass","mL",48000,48000,48,"FIA231317"
023,"Blondewood","supplier code","FRAG_0023","Blondewood","mL",79000,78000,78,"FIA250463"
024,"B Natural","supplier code","FRAG_0024","B Natural","mL",0,0,0,"FIA250716"
025,"Bushwood","supplier code","FRAG_0025","Bushwood","mL",114000,110000,86,"FIA223425"
026,"By The Fireplace","supplier code","FRAG_0026","By The Fireplace","mL",2300,2300,1,"FIA232061"
027,"Fig Tree","supplier code","FRAG_0027","Fig Tree ","mL",16000,12000,16,"FIA223441"
028,"Christmas B","supplier code","FRAG_0028","Christmas B","mL",6900,6900,8,"FIA251174"
029,"Caju & Lime","supplier code","FRAG_0029","Caju & Lime","mL",133850,125300,118,"LUX1545"
030,"Concerto","supplier code","FRAG_0030","Concerto","mL",140850,126350,121,"LUX0706"
031,"Crossfit","supplier code","FRAG_0031","Crossfit","mL",19000,18600,21.5,"FIA260033"
032,"Coconut Lime Punch","supplier code","FRAG_0032","Coconut Lime Punch ","mL",79100,79300,81,"LUX1036"
033,"Chai Tea","name","FRAG_0033","Chai Tea","mL",20100,20100,20,"-"
034,"Christmas Night Xmas Pudding","supplier code","FRAG_0034","Christmas Night Xmas Pudding","mL",31700,31700,32,"WO0028199 -20267"
035,"Christmas Cedar","name","FRAG_0035","Christmas Cedar","mL",16000,16000,16,"-"
036,"Clinique Happy","supplier code","FRAG_0036","Clinique Happy","mL",17000,16000,13,"LUX1186"
037,"Country Linen","supplier code","FRAG_0037","Country Linen","mL",71600,72200,49,"LUX1188"
038,"Coffe Airfreshener","supplier code","FRAG_0038","Coffe Airfreshener ","mL",20000,20000,20,"FIA220415"
039,"Coco Mademoiselle","name","FRAG_0039","Coco Mademoiselle","mL",21000,29000,20,"FH20376880 FIA211"
040,"Citrus Bushwood B","supplier code","FRAG_0040","Citrus Bushwood B","mL",82200,82200,93,"FIA231263"
041,"Cologne","supplier code","FRAG_0041","Cologne","mL",14300,14300,0,"FH20376931"
042,"Campfire","supplier code","FRAG_0042","Campfire","mL",16000,16000,19.5,"FIA230279"
043,"Coast","supplier code","FRAG_0043","Coast","mL",10000,10000,13,"FIA250654"
044,"Cyrnos","supplier code","FRAG_0044","Cyrnos","mL",11000,11000,19.5,"FIA213958"
045,"Dream","supplier code","FRAG_0045","Dream","mL",291900,285300,250,"LUX1073"
046,"Denim","supplier code","FRAG_0046","Denim","mL",12700,12700,11,"FIA224008"
047,"Desert Flower","supplier code","FRAG_0047","Desert Flower","mL",84400,82400,84,"FIA250462"
048,"Eucalyptus","name","FRAG_0048","Eucalyptus","mL",0,0,0,"-"
049,"Eucalyptus Citriodora","name","FRAG_0049","Eucalyptus Citriodora","mL",10300,10300,40,"-"
050,"EVE","supplier code","FRAG_0050","EVE","mL",34000,34000,10,"SLC1946"
051,"EO Blend (Essential Oil)","supplier code","FRAG_0051","EO Blend (Essential Oil )","mL",7100,5000,9,"FIA242843"
052,"Elevated Lotus Blossom + Lemon","supplier code + name","FRAG_0052","Elevated Lotus Blossom + Lemon","mL",5000,5000,5,"FIA231877"
053,"Elevated Tokyo (Aman Haru)","supplier code + name","FRAG_0053","Elevated Tokyo (Aman Haru)","mL",181800,181800,80,"FIA231877"
054,"Figuier","supplier code","FRAG_0054","Figuier ","mL",47100,27100,27,"LUX0438"
055,"Fresh Coffe","supplier code","FRAG_0055","Fresh Coffe","mL",9000,9000,9,"WO0026464"
056,"Fierce Type","name","FRAG_0056","Fierce Type","mL",10900,10900,10,"-"
057,"Feu de Camp","supplier code","FRAG_0057","Feu de Camp","mL",184100,184100,130,"FIA242164"
058,"Linen & Fig","supplier code","FRAG_0058","Linen & Fig","mL",57500,105950,95,"FIA223463"
059,"Flower Bomb","supplier code","FRAG_0059","Flower Bomb","mL",13300,13300,18,"FIA213960"
060,"Fig, Jasmine & Santal","supplier code","FRAG_0060","Fig, Jasmine & Santal","mL",19000,19000,19,"FIA220519"
061,"Floral Drop","supplier code","FRAG_0061","Floral Drop ","mL",29250,29250,38.5,"FIA250658"
062,"Green","name","FRAG_0062","Green","mL",1000,1000,3,"-"
063,"Green Tea","supplier code","FRAG_0063","Green Tea","mL",29000,29600,29,"Lux0748"
064,"Green Tea and Lemongrass","supplier code","FRAG_0064","Green Tea and Lemongrass","mL",14000,14700,14,"LUX13377"
065,"Ginger Flower","supplier code","FRAG_0065","Ginger Flower","mL",98000,98000,77,"LUX0362"
066,"Givenchy Gentlemen","supplier code","FRAG_0066","Givenchy Gentlemen ","mL",15000,15000,15,"FIA222191"
067,"Gingerbread A","supplier code","FRAG_0067","Gingerbread A","mL",2000,2000,2,"FIA252391"
068,"Gypsy Water","supplier code","FRAG_0068","Gypsy Water","mL",10000,30000,30,"FIA213584"
069,"Grape Chupa Chup","supplier code","FRAG_0069","Grape Chupa Chup","mL",99150,101550,85,"FIA222907"
070,"Garden Symphony","supplier code","FRAG_0070","Garden Symphony","mL",1000,1000,1,"FIA241471"
071,"Golden Garden","supplier code","FRAG_0071","Golden Garden","mL",28100,28100,26,"FIA250769"
072,"Grey Vetiver","name","FRAG_0072","Grey Vetiver","mL",1800,1800,1,"-"
073,"Hermes Country","supplier code","FRAG_0073","Hermes Country","mL",20000,20000,17.5,"SFA1683"
074,"Home Department","supplier code","FRAG_0074","Home Department","mL",7000,7000,7,"FIA250611"
075,"Isopropyl Myristate (IPM)","supplier code","FRAG_0075","Isopropyl Myristate (IPM)","mL",71350,71320,73,"FIA251436"
076,"Inspiration - NEW HOPE","supplier code","FRAG_0076","Inspiration - NEW HOPE","mL",18000,18000,18,"SFA1226/2"
077,"Intense Air","supplier code","FRAG_0077","Intense Air","mL",84750,84725,85,"FIA250553"
078,"Jardin de Carthage","supplier code","FRAG_0078","Jardin de Carthage","mL",244900,241900,166,"Lux0639"
079,"JM Jasmin & Mint","supplier code","FRAG_0079","JM Jasmin & Mint","mL",0,0,0,"SFA1367"
080,"Japanese Honeysuckle","name","FRAG_0080","Japanese Honeysuckle","mL",7000,7000,7,"-"
081,"Jasmine Sambac & Marigold","supplier code","FRAG_0081","Jasmine Sambac & Marigold","mL",8800,8800,9,"LUX1027"
082,"JPG Le Beau","supplier code","FRAG_0082","JPG Le Beau","mL",1000,1000,1,"FIA250842"
083,"Zen Garden","supplier code","FRAG_0083","Zen Garden","mL",1700,95750,0,"LUX0928"
084,"Kookai Signature","supplier code","FRAG_0084","Kookai Signature","mL",91450,90750,80,"FIA250770"
085,"Kiwi Coconut Vanilla","supplier code","FRAG_0085","Kiwi Coconut Vanilla","mL",33500,30500,25,"FIA230965"
086,"London (BLUE DRUM -Bell)","supplier code","FRAG_0086","London (BLUE DRUM -Bell)","mL",2600,2600,0,"6132618"
087,"La Vie Est Belle","supplier code","FRAG_0087","La Vie Est Belle","mL",16700,16700,17,"FH20376936"
088,"Lotus Zen","supplier code","FRAG_0088","Lotus Zen","mL",28900,28900,29,"LUX1335"
089,"Lacoste Original","supplier code","FRAG_0089","Lacoste Original","mL",23300,24000,21,"SLC3015"
090,"Leather & Woods","supplier code","FRAG_0090","Leather & Woods","mL",30550,29550,30,"FIA230899"
091,"Lemongrass and Persian Lime","name","FRAG_0091","Lemongrass and Persian Lime","mL",14300,14300,14,"-"
092,"Light Blue","supplier code","FRAG_0092","Light Blue","mL",16800,36800,37,"FIA250554"
093,"Lemongrass and Ginger","supplier code","FRAG_0093","Lemongrass and Ginger","mL",32200,29400,30,"FIA242434"
094,"Myrrh & Tonka","supplier code","FRAG_0094","Myrrh & Tonka","mL",169000,261500,126,"LUX1423"
095,"Mahogany Fig","supplier code","FRAG_0095","Mahogany Fig","mL",64100,64100,60,"LUX1281"
096,"Mahogany Wood","supplier code + name","FRAG_0096","Mahogany Wood","mL",69400,69400,73,"LUX0710"
097,"Milagrito","supplier code + name","FRAG_0097","Milagrito","mL",145750,217100,85,"LUX0710"
098,"Matiere Noire","supplier code","FRAG_0098","Matiere Noire","mL",20000,20000,20,"FH20376949"
099,"Miami Strong","supplier code","FRAG_0099","Miami Strong","mL",31750,152350,190,"FIA222066"
100,"Moonlight Patchouli","supplier code","FRAG_0100","Moonlight Patchouli","mL",6000,6000,6,"FIA250555"
101,"Miami Woods","supplier code","FRAG_0101","Miami Woods","mL",-6800,89400,121,"FIA242633"
102,"Noel","supplier code","FRAG_0102","Noel","mL",47000,47000,45,"FIA250025"
103,"New Hope","supplier code","FRAG_0103","New Hope","mL",31000,31000,37,"FIA223464"
104,"Native B","supplier code","FRAG_0104","Native B","mL",34600,33300,35.5,"FIA223766"
105,"Noir","supplier code","FRAG_0105","Noir ","mL",49400,47400,50,"FIA213480"
106,"New CBD Perth d3","supplier code","FRAG_0106","New CBD Perth d3","mL",25000,25000,30,"FIA251440"
107,"Orange & Bergamot","supplier code","FRAG_0107","Orange & Bergamot","mL",17000,17000,17.5,"LUX0598"
108,"Oz Design Signature","supplier code","FRAG_0108","Oz Design Signature","mL",25500,25050,26,"LUX1726"
109,"Orange Grass","supplier code","FRAG_0109","Orange Grass","mL",9000,9000,10,"SFA1578"
110,"Orchidee Narco","supplier code","FRAG_0110","Orchidee Narco","mL",23100,23100,26,"LUX1129"
111,"Orange B","supplier code","FRAG_0111","Orange B","mL",21000,21000,20,"FIA231256"
112,"Oud","supplier code","FRAG_0113","Oud","mL",35700,35300,37,"FIA250823"
113,"Premiere","supplier code","FRAG_0114","Premiere","mL",56100,56100,57,"SLC2486"
114,"Park Hyatt Peony (Hyatt Peony)","supplier code","FRAG_0115","Park Hyatt Peony (Hyatt Peony)","mL",63000,58800,63,"WO0031095 (29234)"
115,"Patisserie","supplier code","FRAG_0116","Patisserie","mL",149850,133650,138,"LUX696"
116,"Peppermint","supplier code","FRAG_0117","Peppermint","mL",11200,11200,11,"LUX0774"
117,"Pepperwood","supplier code","FRAG_0118","Pepperwood","mL",191350,194650,170,"FIA223424"
118,"Porsche","supplier code","FRAG_0119","Porsche","mL",5900,5900,6,"FIA232165"
119,"Quercers","supplier code","FRAG_0120","Querces","mL",202700,200900,170,"LUX0736"
120,"Rosemary & Cinnamon Blend","supplier code","FRAG_0121","Rosemary & Cinnamon Blend","mL",3500,3500,0,"EBSAMRC2A"
121,"Rosewater","supplier code","FRAG_0122","Rosewater","mL",5000,5000,4,"SLC2644"
122,"Rainstorm","name","FRAG_0123","Rainstorm","mL",4600,3600,5,"-"
123,"Resurrection (Essential Oil)","supplier code","FRAG_0124","Resurrection (Essential Oil)","mL",7500,7500,15,"FIA243524"
124,"Rose Diptyque","supplier code","FRAG_0125","Rose Diptyque","mL",17000,17000,15,"FIA231309"
125,"Review","supplier code","FRAG_0126","Review","mL",13000,13000,0,"FIA241706"
126,"Rock N Roll","supplier code","FRAG_0127","Rock N Roll","mL",21200,21200,24,"LUX0906A"
127,"Rottnest Island Summertime B","supplier code","FRAG_0128","Rottnest Island Summertime B","mL",7000,7000,12,"FIA241283"
128,"Summer Vacay","supplier code","FRAG_0129","Summer Vacay","mL",13800,10800,14,"FIA241782"
129,"Saffron","supplier code","FRAG_0130","Saffron","mL",20622,19622,18,"FIA260780"
130,"Special Santal","name","FRAG_0132","Special Santal","mL",28000,28000,28,"SLC2775 or Special"
131,"Sea Salt","name","FRAG_0133","Sea Salt","mL",8000,8000,10,"-"
132,"Signature","supplier code","FRAG_0134","Signature","mL",19000,19000,32,"FIA260650"
133,"Sugar Cookie","supplier code","FRAG_0135","Sugar Cookie","mL",12300,12300,12,"LUX13933"
134,"Sensual Woods","supplier code","FRAG_0136","Sensual Woods","mL",153300,161800,138,"Lux864"
135,"Santal 33 Style A (Black)","supplier code","FRAG_0137","Santal 33 Style A (Black)","mL",134450,306550,299,"FIA211503"
136,"Santal 66 (Blue) - KIRRI","supplier code","FRAG_0138","Santal 66 (Blue) - KIRRI","mL",1300,2000,0,"6132781"
137,"Serpentine Comme Des","supplier code","FRAG_0139","Serpentine Comme Des","mL",45100,44100,44,"FIA221947"
138,"Santal and White Tea","supplier code","FRAG_0140","Santal and White Tea","mL",50750,81750,67,"FIA241193"
139,"Sandalwood B","supplier code","FRAG_0141","Sandalwood B","mL",131150,124650,132,"FIA231155"
140,"Santal, Mahogany & Sandalwood","supplier code","FRAG_0142","Santal, Mahogany & Sandalwood","mL",2000,2000,5,"FIA241192"
141,"Santal, Mahogany & Soft Floral","supplier code","FRAG_0143","Santal, Mahogany & Soft Floral","mL",1000,1000,0,"FIA252221"
142,"Sandalwood Fig & Jasmine","supplier code","FRAG_0144","Sandalwood Fig & Jasmine","mL",3000,3000,3,"FIA243579"
143,"Sandalwood & Hint of Jasmin","supplier code","FRAG_0145","Sandalwood & Hint of Jasmin","mL",19000,19000,25,"FIA243577"
144,"TF Ambitious","supplier code","FRAG_0146","TF Ambitious ","mL",5600,5600,5,"LUX 750"
145,"The Rouge","supplier code","FRAG_0147","The Rouge","mL",5600,5600,9,"SFA1416"
146,"Teak & Neroli","name","FRAG_0148","Teak & Neroli","mL",6400,6400,6,"-"
147,"The Blanc","supplier code","FRAG_0149","The Blanc","mL",17000,17000,15,"Lux628"
148,"Tabac Noir","supplier code","FRAG_0150","Tabac Noir","mL",29300,29300,29,"SFA1375"
149,"Tropical Cruise","supplier code","FRAG_0151","Tropical Cruise","mL",26000,26000,20,"SFA1209"
150,"Tea Time","supplier code","FRAG_0152","Tea Time","mL",8000,8000,8,"SLC2631"
151,"The Star Azure","supplier code","FRAG_0153","The Star Azure","mL",1000,1000,2,"FIA250835"
152,"Tuberose Vanille","supplier code","FRAG_0154","Tuberose Vanille","mL",19000,19000,20,"FIA241278"
153,"The Star Lobby","supplier code","FRAG_0155","The Star Lobby","mL",10000,10000,10,"FIA250836"
154,"Terre","supplier code","FRAG_0156","Terre","mL",25200,24130,30,"FIA250461"
155,"Ultimate Leather","supplier code","FRAG_0157","Ultimate Leather","mL",5000,5000,7,"SFA1227"
156,"Vetiver, Water Lily + Sandalwood","supplier code","FRAG_0158","Vetiver, Water Lily + Sandalwood","mL",17000,17000,37,"FIA230295"
157,"Vetiver D'Hiver","supplier code","FRAG_0159","Vetiver D'Hiver","mL",20850,17850,15,"FIA221547"
158,"French Vanilla (Vanilla Bourbon)","supplier code + name","FRAG_0160","French Vanilla (Vanilla Bourbon)","mL",26200,26200,40,"LUX0637"
159,"White Tea","supplier code","FRAG_0161","White Tea","mL",183950,180850,140,"LUX0593"
160,"White Tea & Ginger Flowers","supplier code","FRAG_0162","White Tea & Ginger Flowers","mL",94285,93885,94,"SLC1564"
161,"Wild Lily & Spring Moss","supplier code","FRAG_0163","Wild Lily & Spring Moss","mL",17200,14200,10,"LUX1234"
162,"W Hotel","supplier code","FRAG_0164","W Hotel","mL",31700,31700,31,"LUX29228"
163,"Waterplants","supplier code","FRAG_0165","Waterplants","mL",15200,15200,10,"LUX0737"
164,"Waterfall","supplier code + name","FRAG_0166","Waterfall","mL",107700,206700,107,"LUX0637"
165,"Whiskey Bar","supplier code","FRAG_0167","Whiskey Bar","mL",9050,10650,8,"FIA213959"
166,"White Tea & Bamboo","supplier code","FRAG_0168","White Tea & Bamboo","mL",45400,45400,60,"FIA242839"
167,"Wonderwood","supplier code","FRAG_0169","Wonderwood","mL",10000,10000,10,"FIA222036"
168,"ZWT","supplier code","FRAG_0170","ZWT","mL",27000,27000,27,"FIA223912"
,"","NOT COUNTED","FRAG_0283","ISPT - NEW Fresher Allergen Free Saffron & Oakmoss ","mL",,82500,,"FIA260312"
,"","NOT COUNTED","FRAG_0281","Pina Colada","mL",,63900,,""
,"","NOT COUNTED","FRAG_0294","Autumn Fig","mL",,50000,,"FIA260286"
,"","NOT COUNTED","FRAG_0274","Lugano Bath 6","mL",,31900,,"FIA"
,"","NOT COUNTED","FRAG_0277","Bergamot & Amber","mL",,30975,,"FIA260826"
,"","NOT COUNTED","FRAG_0286","Koko Black","mL",,25800,,""
,"","NOT COUNTED","FRAG_0295","Bois de Jasmine","mL",,21800,,"FIA241285"
,"","NOT COUNTED","FRAG_0300","Spine Twist","mL",,21000,,"SLC3322"
,"","NOT COUNTED","FRAG_0291","Digital Dawn","mL",,21000,,"FIA243412"
,"","NOT COUNTED","FRAG_0323","Baccarat (Strong Version)","mL",,20800,,"Stronger Version SLC_2916"
,"","NOT COUNTED","FRAG_0175","Bergamot White Tea and Musk","mL",,17050,,""
,"","NOT COUNTED","FRAG_0330","Ode Signature","mL",,15000,,"SLC3392"
,"","NOT COUNTED","FRAG_0181","Costes","mL",,15000,,"FIA241178"
,"","NOT COUNTED","FRAG_0293","Under The Lemon Tree","mL",,14000,,"FIA213957"
,"","NOT COUNTED","FRAG_0280","Paspaley Signature","mL",,14000,,""
,"","NOT COUNTED","FRAG_0172","Cinnamon Orange","mL",,13000,,""
,"","NOT COUNTED","FRAG_0289","Lime Basil & Mandarin","mL",,13000,,""
,"","NOT COUNTED","FRAG_0328","Kook","mL",,13000,,""
,"","NOT COUNTED","FRAG_0320","Orange Verte","mL",,12900,,""
,"","NOT COUNTED","FRAG_0311","Zesty White Tea","mL",,12500,,""
,"","NOT COUNTED","FRAG_0298","1 Million","mL",,12000,,""
,"","NOT COUNTED","FRAG_0308","Lemon & Ginger","mL",,11100,,"LUX 1286"
,"","NOT COUNTED","FRAG_0324","Alaska","mL",,11000,,""
,"","NOT COUNTED","FRAG_0176","Bubble gum","mL",,10000,,""
,"","NOT COUNTED","FRAG_0319","Earth","mL",,10000,,""
,"","NOT COUNTED","FRAG_0322","Citrusia","mL",,10000,,""
,"","NOT COUNTED","FRAG_0275","AMAN HARU (Exclusive to ADINA SYDNEY)","mL",,10000,,"SFA1711"
,"","NOT COUNTED","FRAG_0242","Leather & Oud","mL",,10000,,""
,"","NOT COUNTED","FRAG_0317","Chocolate Fudge","mL",,9100,,""
,"","NOT COUNTED","FRAG_0251","Advanced Group Fragrance","mL",,9000,,"FIA223933"
,"","NOT COUNTED","FRAG_0312","Bergamot & Basil","mL",,8500,,""
,"","NOT COUNTED","FRAG_0257","Vanilla Caramel","mL",,8325,,"WO-000811 - 20188"
,"","NOT COUNTED","FRAG_0306","SLS Signature (Blue Drum)","mL",,8000,,""
,"","NOT COUNTED","FRAG_0271","Old Book","mL",,7500,,"FIA212086"
,"","NOT COUNTED","FRAG_0318","Hersperidia","mL",,7000,,""
,"","NOT COUNTED","FRAG_0210","Bouquet Blanc","mL",,6500,,""
,"","NOT COUNTED","FRAG_0299","New York","mL",,6000,,"FIA250927"
,"","NOT COUNTED","FRAG_0265","Second Verse","mL",,6000,,"AA204319"
,"","NOT COUNTED","FRAG_0278","Caramel Popcorn","mL",,6000,,"FIA222376"
,"","NOT COUNTED","FRAG_0215","Beach Side Christmas","mL",,6000,,""
,"","NOT COUNTED","FRAG_0204","French Pear","mL",,6000,,""
,"","NOT COUNTED","FRAG_0226","Coffee Bean & Coconut","mL",,5000,,""
,"","NOT COUNTED","FRAG_0211","Ghost","mL",,4700,,""
,"","NOT COUNTED","FRAG_0279","Cedrat","mL",,4600,,""
,"","NOT COUNTED","FRAG_0285","Invigorate","mL",,4000,,""
,"","NOT COUNTED","FRAG_0267","Buttered Popcorn","mL",,3700,,""
,"","NOT COUNTED","FRAG_0177","Mademoiselle","mL",,3600,,""
,"","NOT COUNTED","FRAG_0310","Tobac amber ","mL",,3011,,"SFA1376"
,"","NOT COUNTED","FRAG_0214","Ocean Breeze","mL",,3000,,""
,"","NOT COUNTED","FRAG_0231","Hyde Signature","mL",,3000,,"U.S.A"
,"","NOT COUNTED","FRAG_0218","Black Musk & Pear","mL",,2500,,""
,"","NOT COUNTED","FRAG_0309","Odour neutralizer (Odour Control)","mL",,2462.5,,"ANOTEC0307"
,"","NOT COUNTED","FRAG_0213","Cucumber Ginger & Mint","mL",,2200,,""
,"","NOT COUNTED","FRAG_0307","Tom Ford Tuscan Leather","mL",,2000,,"FIA211513"
,"","NOT COUNTED","FRAG_0178","A Day at the Beach","mL",,2000,,"FIA241282"
,"","NOT COUNTED","FRAG_0182","Golden Aura","mL",,2000,,"FIA241472"
,"","NOT COUNTED","FRAG_0253","Cactis Aquatique","mL",,2000,,""
,"","NOT COUNTED","FRAG_0183","Crimson Bloom","mL",,2000,,"FIA241469"
,"","NOT COUNTED","FRAG_0321","Bergamot & Lily","mL",,1000,,""
,"","NOT COUNTED","FRAG_0222","Capri","mL",,1000,,""
,"","NOT COUNTED","FRAG_0179","Poudre de Framboise","mL",,1000,,""
,"","NOT COUNTED","FRAG_0219","Mademoiselle de Paris","mL",,1000,,""
,"","NOT COUNTED","FRAG_0217","Cinnamon Buns","mL",,1000,,""
,"","NOT COUNTED","FRAG_0185","Jasmine & Magnolia","mL",,1000,,""
,"","NOT COUNTED","FRAG_0329","Mandarin & Heliotrope","mL",,1000,,"SLC2551 "
,"","NOT COUNTED","FRAG_0202","Fraser Place (Frag World)","mL",,800,,""
,"","NOT COUNTED","FRAG_0233","Nature Florale","mL",,750,,""
,"","NOT COUNTED","FRAG_0184","Lotus Blossom","mL",,700,,"FIA230297"
,"","NOT COUNTED","FRAG_0225","Coconut Palm & Hibiscus","mL",,520,,""
,"","NOT COUNTED","FRAG_0229","Eucalyptus Blue Gum 80-85","mL",,500,,"W4400609"
,"","NOT COUNTED","FRAG_0254","Resurrection Natural Blend","mL",,500,,"B4439905"
,"","NOT COUNTED","FRAG_0196","Stress Relief","mL",,400,,""
,"","NOT COUNTED","FRAG_0287","Kona","mL",,-2000,,""