product_code,fragrance,supplier_code,unit,before_ml,counted_ml,after_ml,change_ml,before_L,counted_L,after_L,change_L,technician_stock_cleared_ml,status
"FRAG_0053","Elevated Tokyo (Aman Haru)","FIA231877",mL,181800,80000,80000,-101800,181.8,80.0,80.0,-101.8,0,"adjusted"
"FRAG_0078","Jardin de Carthage","Lux0639",mL,241900,166000,151300,-90600,241.9,166.0,151.3,-90.6,20000,"adjusted"
"FRAG_0057","Feu de Camp","FIA242164",mL,184100,130000,130000,-54100,184.1,130.0,130.0,-54.1,0,"adjusted"
"FRAG_0137","Santal 33 Style A (Black)","FIA211503",mL,306550,299000,254100,-52450,306.6,299.0,254.1,-52.5,10000,"adjusted"
"FRAG_0161","White Tea","LUX0593",mL,180850,140000,135000,-45850,180.8,140.0,135.0,-45.9,17000,"adjusted"
"FRAG_0050","EVE","SLC1946",mL,34000,10000,-9900,-43900,34.0,10.0,-9.9,-43.9,0,"adjusted"
"FRAG_0045","Dream","LUX1073",mL,282900,250000,239200,-43700,282.9,250.0,239.2,-43.7,1000,"adjusted"
"FRAG_0099","Miami Strong","FIA222066",mL,152350,190000,186600,34250,152.3,190.0,186.6,34.3,0,"adjusted"
"FRAG_0021","Bergamot and Oakmoss (Creed)","FIA213666",mL,155750,128500,122500,-33250,155.8,128.5,122.5,-33.3,1000,"adjusted"
"FRAG_0120","Querces","LUX0736",mL,200900,170000,168200,-32700,200.9,170.0,168.2,-32.7,20000,"adjusted"
"FRAG_0101","Miami Woods","FIA242633",mL,89400,121000,118000,28600,89.4,121.0,118.0,28.6,0,"adjusted"
"FRAG_0030","Concerto","LUX0706",mL,125650,121000,98300,-27350,125.7,121.0,98.3,-27.4,8000,"adjusted"
"FRAG_0118","Pepperwood","FIA223424",mL,194650,170000,167300,-27350,194.7,170.0,167.3,-27.4,27000,"adjusted"
"FRAG_0132","Special Santal","SLC2775  or Special Area Blue Drum",mL,28000,28000,54500,26500,28.0,28.0,54.5,26.5,0,"adjusted"
"FRAG_0136","Sensual Woods","Lux864",mL,159100,138000,132800,-26300,159.1,138.0,132.8,-26.3,30000,"adjusted"
"FRAG_0014","Baccarat Rouge ( Jasmin and Dark woods)","SLC0778",mL,93200,80000,68000,-25200,93.2,80.0,68.0,-25.2,14000,"adjusted"
"FRAG_0025","Bushwood","FIA223425",mL,109000,86000,85000,-24000,109.0,86.0,85.0,-24.0,0,"adjusted"
"FRAG_0037","Country Linen","LUX1188",mL,72200,49000,48600,-23600,72.2,49.0,48.6,-23.6,7000,"adjusted"
"FRAG_0103","New Hope","FIA223464",mL,31000,37000,52400,21400,31.0,37.0,52.4,21.4,0,"adjusted"
"FRAG_0065","Ginger Flower","LUX0362",mL,98000,77000,77000,-21000,98.0,77.0,77.0,-21.0,0,"adjusted"
"FRAG_0054","Figuier ","LUX0438",mL,27100,27000,7000,-20100,27.1,27.0,7.0,-20.1,0,"adjusted"
"FRAG_0017","Black Orchid","FIA223423",mL,68400,51000,51000,-17400,68.4,51.0,51.0,-17.4,0,"adjusted"
"FRAG_0069","Grape Chupa Chup","FIA222907",mL,101550,85000,85000,-16550,101.5,85.0,85.0,-16.6,0,"adjusted"
"FRAG_0029","Caju & Lime","LUX1545",mL,125300,118000,110000,-15300,125.3,118.0,110.0,-15.3,0,"adjusted"
"FRAG_0140","Santal and White Tea","FIA241193",mL,81750,67000,67000,-14750,81.8,67.0,67.0,-14.8,14000,"adjusted"
"FRAG_0168","White Tea & Bamboo","FIA242839",mL,45400,60000,60000,14600,45.4,60.0,60.0,14.6,0,"adjusted"
"FRAG_0041","Cologne","FH20376931",mL,14300,0,0,-14300,14.3,0.0,0.0,-14.3,0,"adjusted"
"FRAG_0160","French Vanilla (Vanilla Bourbon)","LUX0637",mL,26200,40000,40000,13800,26.2,40.0,40.0,13.8,0,"adjusted"
"FRAG_0134","Signature","FIA260650",mL,19000,32000,32000,13000,19.0,32.0,32.0,13.0,0,"adjusted"
"FRAG_0058","Linen & Fig","FIA223463",mL,105950,95000,93000,-12950,106.0,95.0,93.0,-12.9,0,"adjusted"
"FRAG_0149","The Blanc","Lux628",mL,17000,15000,5000,-12000,17.0,15.0,5.0,-12.0,0,"adjusted"
"FRAG_0150","Tabac Noir","SFA1375",mL,29300,29000,41300,12000,29.3,29.0,41.3,12.0,0,"adjusted"
"FRAG_0158","Vetiver, Water Lily + Sandalwood","FIA230295",mL,17000,37000,5000,-12000,17.0,37.0,5.0,-12.0,0,"adjusted"
"FRAG_0084","Kookai Signature","FIA250770",mL,90750,80000,79000,-11750,90.8,80.0,79.0,-11.8,0,"adjusted"
"FRAG_0126","Review","FIA241706",mL,13000,0,1500,-11500,13.0,0.0,1.5,-11.5,0,"adjusted"
"FRAG_0003","Adventure","LUX1100",mL,74200,69500,62975,-11225,74.2,69.5,63.0,-11.2,9000,"adjusted"
"FRAG_0102","Noel","FIA250025",mL,47000,45000,58000,11000,47.0,45.0,58.0,11.0,0,"adjusted"
"FRAG_0002","Allure","SLC2600",mL,47110,48000,58010,10900,47.1,48.0,58.0,10.9,0,"adjusted"
"FRAG_0040","Citrus Bushwood B","FIA231263",mL,82200,93000,93000,10800,82.2,93.0,93.0,10.8,0,"adjusted"
"FRAG_0124","Resurrection (Essential Oil)","FIA243524",mL,7500,15000,18100,10600,7.5,15.0,18.1,10.6,0,"adjusted"
"FRAG_0018","Burberry Hero","SLC2431",mL,28000,27000,38000,10000,28.0,27.0,38.0,10.0,0,"adjusted"
"FRAG_0121","Rosemary & Cinnamon Blend","EBSAMRC2A",mL,3500,0,-5800,-9300,3.5,0.0,-5.8,-9.3,0,"adjusted"
"FRAG_0061","Floral Drop ","FIA250658",mL,29250,38500,38500,9250,29.3,38.5,38.5,9.3,0,"adjusted"
"FRAG_0006","Australian Bush","",mL,23300,32500,32500,9200,23.3,32.5,32.5,9.2,0,"adjusted"
"FRAG_0039","Coco Mademoiselle","FH20376880 | FIA211500",mL,29000,20000,20000,-9000,29.0,20.0,20.0,-9.0,0,"adjusted"
"FRAG_0116","Patisserie","LUX696",mL,132650,138000,124000,-8650,132.7,138.0,124.0,-8.7,0,"adjusted"
"FRAG_0044","Cyrnos","FIA213958",mL,11000,19500,19500,8500,11.0,19.5,19.5,8.5,0,"adjusted"
"FRAG_0016","Blue Bergamot","6133475",mL,11251,3000,3000,-8251,11.3,3.0,3.0,-8.3,0,"adjusted"
"FRAG_0020","Blonde Woods & Cashmere","AA171829",mL,51600,44000,44000,-7600,51.6,44.0,44.0,-7.6,0,"adjusted"
"FRAG_0141","Sandalwood B","FIA231155",mL,124650,132000,132000,7350,124.7,132.0,132.0,7.3,10000,"adjusted"
"FRAG_0145","Sandalwood & Hint of Jasmin","FIA243577",mL,19000,25000,26000,7000,19.0,25.0,26.0,7.0,0,"adjusted"
"FRAG_0011","Aqua Positano","FIA241035",mL,38250,45000,45000,6750,38.3,45.0,45.0,6.8,0,"adjusted"
"FRAG_0042","Campfire","FIA230279",mL,16000,19500,22500,6500,16.0,19.5,22.5,6.5,0,"adjusted"
"FRAG_0074","Home Department","FIA250611",mL,7000,7000,12900,5900,7.0,7.0,12.9,5.9,0,"adjusted"
"FRAG_0156","Terre","FIA250461",mL,24130,30000,30000,5870,24.1,30.0,30.0,5.9,0,"adjusted"
"FRAG_0034","Christmas Night Xmas Pudding"," WO0028199 -20267 ",mL,31700,32000,37400,5700,31.7,32.0,37.4,5.7,0,"adjusted"
"FRAG_0085","Kiwi Coconut Vanilla","FIA230965",mL,30500,25000,25000,-5500,30.5,25.0,25.0,-5.5,0,"adjusted"
"FRAG_0143","Santal, Mahogany & Soft Floral","FIA252221",mL,1000,0,-4500,-5500,1.0,0.0,-4.5,-5.5,0,"adjusted"
"FRAG_0165","Waterplants","LUX0737",mL,15200,10000,10000,-5200,15.2,10.0,10.0,-5.2,0,"adjusted"
"FRAG_0095","Mahogany Fig","LUX1281",mL,64100,60000,59000,-5100,64.1,60.0,59.0,-5.1,0,"adjusted"
"FRAG_0013","Bois Secret","LUX0929",mL,37300,33000,32300,-5000,37.3,33.0,32.3,-5.0,0,"adjusted"
"FRAG_0036","Clinique Happy","LUX1186",mL,16000,13000,11000,-5000,16.0,13.0,11.0,-5.0,15000,"adjusted"
"FRAG_0106","New CBD Perth d3","FIA251440",mL,25000,30000,30000,5000,25.0,30.0,30.0,5.0,0,"adjusted"
"FRAG_0001","Armani Woods","FIA231902",mL,4000,9000,8900,4900,4.0,9.0,8.9,4.9,0,"adjusted"
"FRAG_0059","Flower Bomb","FIA213960",mL,13300,18000,18000,4700,13.3,18.0,18.0,4.7,0,"adjusted"
"FRAG_0019","Blue Ice","FIA221772",mL,40250,37000,36000,-4250,40.3,37.0,36.0,-4.3,0,"adjusted"
"FRAG_0163","Wild Lily & Spring Moss","LUX1234",mL,14200,10000,10000,-4200,14.2,10.0,10.0,-4.2,0,"adjusted"
"FRAG_0007","Australian Bush & Eucalyptus","FIA242846",mL,20000,16000,16000,-4000,20.0,16.0,16.0,-4.0,0,"adjusted"
"FRAG_0010","Avocado & Mint","LUX0783",mL,11000,7000,7000,-4000,11.0,7.0,7.0,-4.0,0,"adjusted"
"FRAG_0051","EO Blend (Essential Oil )","FIA242843",mL,5000,9000,9000,4000,5.0,9.0,9.0,4.0,0,"adjusted"
"FRAG_0151","Tropical Cruise","SFA1209",mL,26000,20000,30000,4000,26.0,20.0,30.0,4.0,0,"adjusted"
"FRAG_0122","Rosewater","SLC2644",mL,5000,4000,1100,-3900,5.0,4.0,1.1,-3.9,0,"adjusted"
"FRAG_0157","Ultimate Leather","SFA1227",mL,5000,7000,8900,3900,5.0,7.0,8.9,3.9,0,"adjusted"
"FRAG_0162","White Tea & Ginger Flowers","SLC1564",mL,93885,94000,90000,-3885,93.9,94.0,90.0,-3.9,6000,"adjusted"
"FRAG_0147","The Rouge","SFA1416",mL,5600,9000,9000,3400,5.6,9.0,9.0,3.4,0,"adjusted"
"FRAG_0128","Rottnest Island Summertime B","FIA241283",mL,7000,12000,10350,3350,7.0,12.0,10.3,3.4,0,"adjusted"
"FRAG_0083","Zen Garden","LUX0928",mL,94350,0,91100,-3250,94.3,0.0,91.1,-3.3,13000,"adjusted"
"FRAG_0015","Beach Party","LUX1189",mL,108800,115000,112000,3200,108.8,115.0,112.0,3.2,0,"adjusted"
"FRAG_0129","Summer Vacay","FIA241782",mL,10800,14000,14000,3200,10.8,14.0,14.0,3.2,0,"adjusted"
"FRAG_0008","Amalfi Coast","",mL,3000,0,0,-3000,3.0,0.0,0.0,-3.0,0,"adjusted"
"FRAG_0022","Blue Grass","FIA231317",mL,48000,48000,51000,3000,48.0,48.0,51.0,3.0,0,"adjusted"
"FRAG_0043","Coast","FIA250654",mL,10000,13000,13000,3000,10.0,13.0,13.0,3.0,0,"adjusted"
"FRAG_0088","Lotus Zen","LUX1335",mL,28900,29000,31900,3000,28.9,29.0,31.9,3.0,0,"adjusted"
"FRAG_0089","Lacoste Original","SLC3015",mL,24000,21000,21000,-3000,24.0,21.0,21.0,-3.0,0,"adjusted"
"FRAG_0142","Santal, Mahogany & Sandalwood","FIA241192",mL,2000,5000,5000,3000,2.0,5.0,5.0,3.0,0,"adjusted"
"FRAG_0110","Orchidee Narco","LUX1129",mL,23100,26000,26000,2900,23.1,26.0,26.0,2.9,0,"adjusted"
"FRAG_0159","Vetiver D'Hiver","FIA221547",mL,17850,15000,15000,-2850,17.9,15.0,15.0,-2.9,0,"adjusted"
"FRAG_0056","Fierce Type","",mL,10900,10000,8100,-2800,10.9,10.0,8.1,-2.8,0,"adjusted"
"FRAG_0072","Grey Vetiver","",mL,1800,1000,-1000,-2800,1.8,1.0,-1.0,-2.8,0,"adjusted"
"FRAG_0127","Rock N Roll","LUX0906A",mL,21200,24000,24000,2800,21.2,24.0,24.0,2.8,0,"adjusted"
"FRAG_0167","Whiskey Bar","FIA213959",mL,10650,8000,8000,-2650,10.7,8.0,8.0,-2.6,0,"adjusted"
"FRAG_0086","London (BLUE DRUM -Bell)","6132618",mL,2600,0,0,-2600,2.6,0.0,0.0,-2.6,0,"adjusted"
"FRAG_0096","Mahogany Wood","LUX0710",mL,69400,73000,72000,2600,69.4,73.0,72.0,2.6,0,"adjusted"
"FRAG_0031","Crossfit","FIA260033",mL,18600,21500,21100,2500,18.6,21.5,21.1,2.5,0,"adjusted"
"FRAG_0073","Hermes Country","SFA1683",mL,20000,17500,17500,-2500,20.0,17.5,17.5,-2.5,0,"adjusted"
"FRAG_0049","Eucalyptus Citriodora","",mL,10300,40000,12500,2200,10.3,40.0,12.5,2.2,0,"adjusted"
"FRAG_0104","Native B","FIA223766",mL,33300,35500,35500,2200,33.3,35.5,35.5,2.2,0,"adjusted"
"FRAG_0152","Tea Time","SLC2631",mL,8000,8000,10200,2200,8.0,8.0,10.2,2.2,0,"adjusted"
"FRAG_0071","Golden Garden","FIA250769",mL,28100,26000,26000,-2100,28.1,26.0,26.0,-2.1,0,"adjusted"
"FRAG_0062","Green","",mL,1000,3000,3000,2000,1.0,3.0,3.0,2.0,0,"adjusted"
"FRAG_0125","Rose Diptyque","FIA231309",mL,17000,15000,15000,-2000,17.0,15.0,15.0,-2.0,0,"adjusted"
"FRAG_0133","Sea Salt","",mL,8000,10000,10000,2000,8.0,10.0,10.0,2.0,0,"adjusted"
"FRAG_0138","Santal 66 (Blue) - KIRRI","6132781",mL,2000,0,0,-2000,2.0,0.0,0.0,-2.0,0,"adjusted"
"FRAG_0012","Baies ","FIA213481",mL,16900,15000,15000,-1900,16.9,15.0,15.0,-1.9,0,"adjusted"
"FRAG_0028","Christmas B","FIA251174",mL,6900,8000,8600,1700,6.9,8.0,8.6,1.7,0,"adjusted"
"FRAG_0046","Denim","FIA224008",mL,12700,11000,11000,-1700,12.7,11.0,11.0,-1.7,0,"adjusted"
"FRAG_0113","Oud","FIA250823",mL,35300,37000,37000,1700,35.3,37.0,37.0,1.7,0,"adjusted"
"FRAG_0075","Isopropyl Myristate (IPM)","FIA251436",mL,71320,73000,73000,1680,71.3,73.0,73.0,1.7,0,"adjusted"
"FRAG_0130","Saffron","FIA260780",mL,19622,18000,18000,-1622,19.6,18.0,18.0,-1.6,0,"adjusted"
"FRAG_0105","Noir ","FIA213480",mL,47400,50000,49000,1600,47.4,50.0,49.0,1.6,0,"adjusted"
"FRAG_0146","TF Ambitious ","LUX 750 	",mL,5600,5000,4000,-1600,5.6,5.0,4.0,-1.6,0,"adjusted"
"FRAG_0123","Rainstorm","",mL,3600,5000,5000,1400,3.6,5.0,5.0,1.4,0,"adjusted"
"FRAG_0026","By The Fireplace","FIA232061",mL,2300,1000,1000,-1300,2.3,1.0,1.0,-1.3,0,"adjusted"
"FRAG_0004","Ambrette, Magnolia & Chamomile","SLC0803",mL,23100,22000,22000,-1100,23.1,22.0,22.0,-1.1,0,"adjusted"
"FRAG_0023","Blondewood","FIA250463",mL,78000,78000,77000,-1000,78.0,78.0,77.0,-1.0,0,"adjusted"
"FRAG_0024","B Natural","FIA250716",mL,0,0,1000,1000,0.0,0.0,1.0,1.0,0,"adjusted"
"FRAG_0109","Orange Grass","SFA1578",mL,9000,10000,10000,1000,9.0,10.0,10.0,1.0,0,"adjusted"
"FRAG_0111","Orange B","FIA231256",mL,21000,20000,20000,-1000,21.0,20.0,20.0,-1.0,0,"adjusted"
"FRAG_0153","The Star Azure","FIA250835",mL,1000,2000,2000,1000,1.0,2.0,2.0,1.0,0,"adjusted"
"FRAG_0154","Tuberose Vanille","FIA241278",mL,19000,20000,20000,1000,19.0,20.0,20.0,1.0,0,"adjusted"
"FRAG_0108","Oz Design Signature","LUX1726",mL,25050,26000,26000,950,25.1,26.0,26.0,0.9,0,"adjusted"
"FRAG_0032","Coconut Lime Punch ","LUX1036",mL,79300,81000,80200,900,79.3,81.0,80.2,0.9,0,"adjusted"
"FRAG_0033","Chai Tea","",mL,20100,20000,21000,900,20.1,20.0,21.0,0.9,0,"adjusted"
"FRAG_0114","Premiere","SLC2486",mL,56100,57000,57000,900,56.1,57.0,57.0,0.9,0,"adjusted"
"FRAG_0093","Lemongrass and Ginger","FIA242434",mL,29400,30000,28600,-800,29.4,30.0,28.6,-0.8,0,"adjusted"
"FRAG_0005","Australian Bush Lemon Myrtle","LUX1220",mL,11300,12000,12000,700,11.3,12.0,12.0,0.7,0,"adjusted"
"FRAG_0064","Green Tea and Lemongrass","LUX13377",mL,14700,14000,14000,-700,14.7,14.0,14.0,-0.7,0,"adjusted"
"FRAG_0164","W Hotel","LUX29228",mL,31700,31000,31000,-700,31.7,31.0,31.0,-0.7,0,"adjusted"
"FRAG_0063","Green Tea","Lux0748",mL,29600,29000,29000,-600,29.6,29.0,29.0,-0.6,0,"adjusted"
"FRAG_0055","Fresh Coffe","WO0026464",mL,9000,9000,8500,-500,9.0,9.0,8.5,-0.5,0,"adjusted"
"FRAG_0107","Orange & Bergamot","LUX0598",mL,17000,17500,17500,500,17.0,17.5,17.5,0.5,0,"adjusted"
"FRAG_0090","Leather & Woods","FIA230899",mL,29550,30000,30000,450,29.6,30.0,30.0,0.5,0,"adjusted"
"FRAG_0047","Desert Flower","FIA250462",mL,82400,84000,82000,-400,82.4,84.0,82.0,-0.4,0,"adjusted"
"FRAG_0148","Teak & Neroli","",mL,6400,6000,6000,-400,6.4,6.0,6.0,-0.4,0,"adjusted"
"FRAG_0087","La Vie Est Belle","FH20376936",mL,16700,17000,17000,300,16.7,17.0,17.0,0.3,0,"adjusted"
"FRAG_0091","Lemongrass and Persian Lime","",mL,14300,14000,14000,-300,14.3,14.0,14.0,-0.3,0,"adjusted"
"FRAG_0135","Sugar Cookie","LUX13933",mL,12300,12000,12000,-300,12.3,12.0,12.0,-0.3,0,"adjusted"
"FRAG_0166","Waterfall","LUX0637",mL,206700,107000,207000,300,206.7,107.0,207.0,0.3,0,"adjusted"
"FRAG_0077","Intense Air","FIA250553",mL,84725,85000,84975,250,84.7,85.0,85.0,0.3,1000,"adjusted"
"FRAG_0081","Jasmine Sambac & Marigold","LUX1027",mL,8800,9000,9000,200,8.8,9.0,9.0,0.2,0,"adjusted"
"FRAG_0092","Light Blue","FIA250554",mL,36800,37000,37000,200,36.8,37.0,37.0,0.2,0,"adjusted"
"FRAG_0115","Park Hyatt Peony (Hyatt Peony)","WO0031095 (29234)",mL,58800,63000,59000,200,58.8,63.0,59.0,0.2,0,"adjusted"
"FRAG_0117","Peppermint","LUX0774",mL,11200,11000,11000,-200,11.2,11.0,11.0,-0.2,0,"adjusted"
"FRAG_0119","Porsche","FIA232165",mL,5900,6000,6000,100,5.9,6.0,6.0,0.1,0,"adjusted"
"FRAG_0139","Serpentine Comme Des","FIA221947",mL,44100,44000,44000,-100,44.1,44.0,44.0,-0.1,0,"adjusted"
"FRAG_0009","Australian Bamboo grass","Lux0400",mL,13000,13000,13000,0,13.0,13.0,13.0,0.0,0,"held for recount"
"FRAG_0027","Fig Tree ","FIA223441",mL,11300,16000,11300,0,11.3,16.0,11.3,0.0,0,"held for recount"
"FRAG_0035","Christmas Cedar","",mL,16000,16000,16000,0,16.0,16.0,16.0,0.0,0,"held for recount"
"FRAG_0038","Coffe Airfreshener ","FIA220415",mL,20000,20000,20000,0,20.0,20.0,20.0,0.0,0,"held for recount"
"FRAG_0048","Eucalyptus","",mL,0,0,0,0,0.0,0.0,0.0,0.0,0,"held for recount"
"FRAG_0052","Elevated Lotus Blossom + Lemon","FIA231877",mL,5000,5000,5000,0,5.0,5.0,5.0,0.0,0,"held for recount"
"FRAG_0060","Fig, Jasmine & Santal","FIA220519",mL,19000,19000,19000,0,19.0,19.0,19.0,0.0,0,"held for recount"
"FRAG_0066","Givenchy Gentlemen ","FIA222191",mL,15000,15000,15000,0,15.0,15.0,15.0,0.0,0,"held for recount"
"FRAG_0067","Gingerbread A","FIA252391",mL,2000,2000,2000,0,2.0,2.0,2.0,0.0,0,"held for recount"
"FRAG_0068","Gypsy Water","FIA213584",mL,30000,30000,30000,0,30.0,30.0,30.0,0.0,0,"held for recount"
"FRAG_0070","Garden Symphony","FIA241471",mL,1000,1000,1000,0,1.0,1.0,1.0,0.0,0,"held for recount"
"FRAG_0076","Inspiration - NEW HOPE","SFA1226/2",mL,18000,18000,18000,0,18.0,18.0,18.0,0.0,0,"held for recount"
"FRAG_0079","JM Jasmin & Mint","SFA1367",mL,0,0,0,0,0.0,0.0,0.0,0.0,0,"held for recount"
"FRAG_0080","Japanese Honeysuckle","",mL,7000,7000,7000,0,7.0,7.0,7.0,0.0,0,"held for recount"
"FRAG_0082","JPG Le Beau","FIA250842",mL,1000,1000,1000,0,1.0,1.0,1.0,0.0,0,"held for recount"
"FRAG_0094","Myrrh & Tonka","LUX1423",mL,260800,126000,260800,0,260.8,126.0,260.8,0.0,0,"held for recount"
"FRAG_0097","Milagrito","LUX0710",mL,217100,85000,217100,0,217.1,85.0,217.1,0.0,0,"held for recount"
"FRAG_0098","Matiere Noire","FH20376949",mL,20000,20000,20000,0,20.0,20.0,20.0,0.0,0,"held for recount"
"FRAG_0100","Moonlight Patchouli","FIA250555",mL,6000,6000,6000,0,6.0,6.0,6.0,0.0,0,"held for recount"
"FRAG_0144","Sandalwood Fig & Jasmine","FIA243579",mL,3000,3000,3000,0,3.0,3.0,3.0,0.0,0,"held for recount"
"FRAG_0155","The Star Lobby","FIA250836",mL,10000,10000,10000,0,10.0,10.0,10.0,0.0,0,"held for recount"
"FRAG_0169","Wonderwood","FIA222036",mL,10000,10000,10000,0,10.0,10.0,10.0,0.0,0,"held for recount"
"FRAG_0170","ZWT","FIA223912",mL,27000,27000,27000,0,27.0,27.0,27.0,0.0,0,"held for recount"